INSERT INTO Airline VALUES ("Delta")
-- AIRLINE STAFF MUST BE ADDED MANUALLY BECAUSE OF HASHING
--change ddl of phone num

INSERT INTO Flight VALUES ("Delta","102","2025-02-12 13:25:25","SFO","LAX","2025-02-12 16:50:25","on-time",300.0,"Delta","3");

INSERT INTO Flight VALUES ("Delta","104","2025-03-07 13:25:25","PVG","BEI","2025-03-07 16:50:25","on-time",300.0,"Delta","3");
INSERT INTO Flight VALUES ("Delta","106","2025-01-09 13:25:25","SFO","LAX","2025-01-09 16:50:25","delayed",350.0,"Delta","3");
INSERT INTO Flight VALUES ("Delta","206","2025-07-01 13:25:25","SFO","LAX","2025-07-01 16:50:25","on-time",400.0,"Delta","2");
INSERT INTO Flight VALUES ("Delta", "207", "2025-08-02 13:25:25", "LAX", "SFO", "2025-08-02 16:50:25", "on-time", 300.0, "Delta", "2");
INSERT INTO Flight VALUES ("Delta", "134", "2024-12-12 13:25:25", "JFK", "BOS", "2024-12-12 16:50:25", "delayed", 300.0, "Delta", "3");
INSERT INTO Flight VALUES ("Delta", "296", "2025-05-30 13:25:25", "PVG", "SFO", "2025-05-30 16:50:25", "on-time", 3000.0, "Delta", "1");
INSERT INTO Flight VALUES ("Delta", "715", "2025-02-28 10:25:25", "PVG", "BEI", "2025-02-28 13:50:25", "delayed", 500.0, "Delta", "1");
INSERT INTO Flight VALUES ("Delta", "839", "2024-05-26 13:25:25", "SHEN", "BEI", "2024-05-26 16:50:25", "on-time", 300.0, "Delta", "3");

INSERT INTO `Ticket` (`ticket_id`, `sold_price`, `card_type`, `card_num`, `name_on_card`, `card_expiry_date`, `Airline_name`, `flight_no`, `departure_date_and_time`) VALUES
('1', '300', 'Credit', '1111-2222-3333-4444', 'Test Customer 1', '2027-03-01', 'Delta', '102', '2025-02-12 13:25:25'),
('2', '300', 'Credit', '1111-2222-3333-5555', 'User 1', '2027-03-01', 'Delta', '102', '2025-02-12 13:25:25'),
('3', '300', 'Credit', '1111-2222-3333-5555', 'User 2', '2027-03-01', 'Delta', '102', '2025-02-12 13:25:25'),
('4', '300', 'Credit', '1111-2222-3333-5555', 'User 1', '2024-03-01', 'Delta', '104', '2025-03-07 13:25:25'),
('5', '300', 'Credit', '1111-2222-3333-4444', 'Test Customer 1', '2027-03-01', 'Delta', '104', '2025-03-07 13:25:25'),
('6', '350', 'Credit', '1111-2222-3333-4444', 'Test Customer 1', '2027-03-01', 'Delta', '106', '2025-01-09 13:25:25'),
('7', '350', 'Credit', '1111-2222-3333-5555', 'User 3', '2027-03-01', 'Delta', '106', '2025-01-09 13:25:25'),
('8', '300', 'Credit', '1111-2222-3333-5555', 'User 3', '2024-03-01', 'Delta', '839', '2024-05-26 13:25:25'),
('9', '300', 'Credit', '1111-2222-3333-5555', 'User 3', '2024-03-01', 'Delta', '102', '2025-02-12 13:25:25'),
('11', '300', 'Credit', '1111-2222-3333-5555', 'User 3', '2027-03-01', 'Delta', '134', '2024-12-12 13:25:25'),
('12', '500', 'Credit', '1111-2222-3333-4444', 'Test Customer 1', '2024-03-01', 'Delta', '715', '2025-02-28 10:25:25'),
('14', '400', 'Credit', '1111-2222-3333-5555', 'User 3', '2024-03-01', 'Delta', '206', '2025-07-01 13:25:25'),
('15', '400', 'Credit', '1111-2222-3333-5555', 'User 1', '2024-03-01', 'Delta', '206', '2025-07-01 13:25:25'),
('16', '400', 'Credit', '1111-2222-3333-5555', 'User 2', '2024-03-01', 'Delta', '206', '2025-07-01 13:25:25'),
('17', '300', 'Credit', '1111-2222-3333-5555', 'User 1', '2024-03-01', 'Delta', '207', '2025-08-02 13:25:25'),
('18', '300', 'Credit', '1111-2222-3333-4444', 'Test Customer 1', '2024-03-01', 'Delta', '207', '2025-08-02 13:25:25'),
('19', '3000', 'Credit', '1111-2222-3333-4444', 'Test Customer 1', '2024-03-01', 'Delta', '296', '2025-05-30 13:25:25'),
('20', '3000', 'Credit', '1111-2222-3333-4444', 'Test Customer 1', '2024-03-01', 'Delta', '296', '2025-05-30 13:25:25');

INSERT INTO `Purchases` (`ticket_id`, `email`, `date_and_time`) VALUES
('1', 'testcustomer@nyu.edu', '2025-01-10 11:55:55'),
('2', 'user1@nyu.edu', '2025-01-09 11:55:55'),
('3', 'user2@nyu.edu', '2025-02-08 11:55:55'),
('4', 'user1@nyu.edu', '2025-01-21 11:55:55'),
('5', 'testcustomer@nyu.edu', '2025-02-28 11:55:55'),
('6', 'testcustomer@nyu.edu', '2025-01-07 11:55:55'),
('7', 'user3@nyu.edu', '2024-12-07 11:55:55'),
('8', 'user3@nyu.edu', '2024-05-08 11:55:55'),
('9', 'user3@nyu.edu', '2024-12-11 11:55:55'),
('11', 'user3@nyu.edu', '2024-10-23 11:55:55'),
('12', 'testcustomer@nyu.edu', '2024-10-19 11:55:55'),
('14', 'user3@nyu.edu', '2025-04-20 11:55:55'),
('15', 'user1@nyu.edu', '2025-04-21 11:55:55'),
('16', 'user2@nyu.edu', '2024-02-19 11:55:55'),
('17', 'user1@nyu.edu', '2025-01-11 11:55:55'),
('18', 'testcustomer@nyu.edu', '2025-02-25 11:55:55'),
('19', 'user1@nyu.edu', '2025-04-22 11:55:55'),
('20', 'testcustomer@nyu.edu', '2024-12-16 11:55:55');


